{"_wandb":{"runtime":2257},"_timestamp":1.7334136219232469e+09,"train_samples_per_second":890.925,"train_loss":1.0230459818025914,"train/epoch":1,"train/global_step":123,"train_steps_per_second":3.504,"_runtime":2256.030795989,"train_runtime":35.0984,"total_flos":1.130590540152e+14,"_step":49}